name,label,definition,version
Alarm,Alarm,,1.1
Air_Alarm,Air Alarm,,1.1
Air_Flow_Loss_Alarm,Air Flow Loss Alarm,,1.1
Air_Temperature_Alarm,Air Temperature Alarm,,1.1
Discharge_Air_Temperature_Alarm,Discharge Air Temperature Alarm,,1.1
High_Discharge_Air_Temperature_Alarm,High Discharge Air Temperature Alarm,,1.1
Return_Air_Temperature_Alarm,Return Air Temperature Alarm,,1.1
High_Return_Air_Temperature_Alarm,High Return Air Temperature Alarm,,1.1
Low_Return_Air_Temperature_Alarm,Low Return Air Temperature Alarm,,1.1
Supply_Air_Temperature_Alarm,Supply Air Temperature Alarm,,1.1
Discharge_Air_Smoke_Detected_Alarm,Discharge Air Smoke Detected Alarm,,1.1
CO2_Alarm,CO2 Alarm,,1.1
High_CO2_Alarm,High CO2 Alarm,,1.1
Change_Filter_Alarm,Change Filter Alarm,,1.1
Communication_Loss_Alarm,Communication Loss Alarm,,1.1
Cycle_Alarm,Cycle Alarm,,1.1
Short_Cycle_Alarm,Short Cycle Alarm,,1.1
Emergency_Alarm,Emergency Alarm,,1.1
Emergency_Generator_Alarm,Emergency Generator Alarm,,1.1
Emergency_Power_Loss_Alarm,Emergency Power Loss Alarm,,1.1
Failure_Alarm,Failure Alarm,,1.1
Unit_Failure_Alarm,Unit Failure Alarm,,1.1
Humidity_Alarm,Humidity Alarm,,1.1
High_Humidity_Alarm,High Humidity Alarm,,1.1
Low_Humidity_Alarm,Low Humidity Alarm,,1.1
Leak_Alarm,Leak Alarm,,1.1
Condensate_Leak_Alarm,Condensate Leak Alarm,,1.1
Liquid_Detected_Alarm,Liquid Detected Alarm,,1.1
Luminance_Alarm,Luminance Alarm,,1.1
Maintenance_Required_Alarm,Maintenance Required Alarm,,1.1
Overload_Alarm,Overload Alarm,,1.1
Power_Alarm,Power Alarm,,1.1
Power_Loss_Alarm,Power Loss Alarm,,1.1
Pressure_Alarm,Pressure Alarm,,1.1
High_Head_Pressure_Alarm,High Head Pressure Alarm,,1.1
Low_Suction_Pressure_Alarm,Low Suction Pressure Alarm,,1.1
Smoke_Alarm,Smoke Alarm,,1.1
Smoke_Detected_Alarm,Smoke Detected Alarm,,1.1
Temperature_Alarm,Temperature Alarm,,1.1
High_Temperature_Alarm,High Temperature Alarm,,1.1
Low_Temperature_Alarm,Low Temperature Alarm,,1.1
Water_Temperature_Alarm,Water Temperature Alarm,,1.1
Discharge_Water_Temperature_Alarm,Discharge Water Temperature Alarm,,1.1
Supply_Water_Temperature_Alarm,Supply Water Temperature Alarm,,1.1
Water_Alarm,Water Alarm,,1.1
Deionized_Water_Alarm,Deionized Water Alarm,,1.1
No_Water_Alarm,No Water Alarm,,1.1
Water_Loss_Alarm,Water Loss Alarm,,1.1
Command,Command,,1.1
Bypass_Command,Bypass Command,,1.1
Cooling_Command,Cooling Command,,1.1
Highest_Zone_Cooling_Command,Highest Zone Cooling Command,,1.1
Damper_Command,Damper Command,,1.1
Damper_Position_Command,Damper Position Command,,1.1
Direction_Command,Direction Command,,1.1
Disable_Command,Disable Command,,1.1
Disable_Differential_Enthalpy_Command,Disable Differential Enthalpy Command,,1.1
Disable_Differential_Temperature_Command,Disable Differential Temperature Command,,1.1
Disable_Fixed_Enthalpy_Command,Disable Fixed Enthalpy Command,,1.1
Disable_Fixed_Temperature_Command,Disable Fixed Temperature Command,,1.1
Exhaust_Fan_Disable_Command,Exhaust Fan Disable Command,,1.1
Enable_Command,Enable Command,,1.1
Enable_Differential_Enthalpy_Command,Enable Differential Enthalpy Command,,1.1
Enable_Differential_Temperature_Command,Enable Differential Temperature Command,,1.1
Enable_Fixed_Enthalpy_Command,Enable Fixed Enthalpy Command,,1.1
Enable_Fixed_Temperature_Command,Enable Fixed Temperature Command,,1.1
Exhaust_Fan_Enable_Command,Exhaust Fan Enable Command,,1.1
Run_Enable_Command,Run Enable Command,,1.1
System_Enable_Command,System Enable Command,,1.1
Chilled_Water_System_Enable_Command,Chilled Water System Enable Command,,1.1
Hot_Water_System_Enable_Command,Hot Water System Enable Command,,1.1
Domestic_Hot_Water_System_Enable_Command,Domestic Hot Water System Enable Command,,1.1
VFD_Enable_Command,VFD Enable Command,,1.1
Frequency_Command,Frequency Command,,1.1
Max_Frequency_Command,Max Frequency Command,,1.1
Heating_Command,Heating Command,,1.1
Humidify_Command,Humidify Command,,1.1
Lead_Lag_Command,Lead Lag Command,,1.1
Load_Shed_Command,Load Shed Command,,1.1
Standby_Load_Shed_Command,Standby Load Shed Command,,1.1
Zone_Standby_Load_Shed_Command,Zone Standby Load Shed Command,,1.1
Unoccupied_Load_Shed_Command,Unoccupied Load Shed Command,,1.1
Zone_Unoccupied_Load_Shed_Command,Zone Unoccupied Load Shed Command,,1.1
Lockout_Command,Lockout Command,,1.1
Luminance_Command,Luminance Command,,1.1
Mode_Command,Mode Command,,1.1
Automatic_Mode_Command,Automatic Mode Command,,1.1
Box_Mode_Command,Box Mode Command,,1.1
Maintenance_Mode_Command,Maintenance Mode Command,,1.1
Occupancy_Command,Occupancy Command,,1.1
On_Off_Command,On Off Command,,1.1
Lead_On_Off_Command,Lead On Off Command,,1.1
Off_Command,Off Command,,1.1
Exhaust_Fan_Fire_Control_Panel_Off_Command,Exhaust Fan Fire Control Panel Off Command,,1.1
On_Command,On Command,,1.1
Exhaust_Fan_Fire_Control_Panel_On_Command,Exhaust Fan Fire Control Panel On Command,,1.1
Start_Stop_Command,Start Stop Command,,1.1
Steam_On_Off_Command,Steam On Off Command,,1.1
Override_Command,Override Command,,1.1
Curtailment_Override_Command,Curtailment Override Command,,1.1
Position_Command,Position Command,,1.1
Pump_Command,Pump Command,,1.1
Reset_Command,Reset Command,,1.1
Fault_Reset_Command,Fault Reset Command,,1.1
Filter_Reset_Command,Filter Reset Command,,1.1
Speed_Reset_Command,Speed Reset Command,,1.1
Fan_Speed_Reset_Command,Fan Speed Reset Command,,1.1
Run_Request_Command,Run Request Command,,1.1
Shutdown_Command,Shutdown Command,,1.1
Hot_Water_Shutdown_Command,Hot Water Shutdown Command,,1.1
Unoccupied_Hot_Water_Shutdown_Command,Unoccupied Hot Water Shutdown Command,,1.1
Valve_Command,Valve Command,,1.1
Parameter,Parameter,,1.1
Delay_Parameter,Delay Parameter,,1.1
Alarm_Delay_Parameter,Alarm Delay Parameter,,1.1
Humidity_Parameter,Humidity Parameter,,1.1
High_Humidity_Alarm_Parameter,High Humidity Alarm Parameter,,1.1
Humidity_Tolerance_Parameter,Humidity Tolerance Parameter,,1.1
Low_Humidity_Alarm_Parameter,Low Humidity Alarm Parameter,,1.1
Limit,Limit,,1.1
Air_Flow_Setpoint_Limit,Air Flow Setpoint Limit,,1.1
Max_Air_Flow_Setpoint_Limit,Max Air Flow Setpoint Limit,,1.1
Max_Cooling_Discharge_Air_Flow_Setpoint_Limit,Max Cooling Discharge Air Flow Setpoint Limit,,1.1
Max_Occupied_Cooling_Discharge_Air_Flow_Setpoint_Limit,Max Occupied Cooling Discharge Air Flow Setpoint Limit,,1.1
Max_Unoccupied_Cooling_Discharge_Air_Flow_Setpoint_Limit,Max Unoccupied Cooling Discharge Air Flow Setpoint Limit,,1.1
Max_Cooling_Supply_Air_Flow_Setpoint_Limit,Max Cooling Supply Air Flow Setpoint Limit,,1.1
Max_Occupied_Cooling_Supply_Air_Flow_Setpoint_Limit,Max Occupied Cooling Supply Air Flow Setpoint Limit,,1.1
Max_Unoccupied_Cooling_Supply_Air_Flow_Setpoint_Limit,Max Unoccupied Cooling Supply Air Flow Setpoint Limit,,1.1
Max_Heating_Discharge_Air_Flow_Setpoint_Limit,Max Heating Discharge Air Flow Setpoint Limit,,1.1
Max_Occupied_Heating_Discharge_Air_Flow_Setpoint_Limit,Max Occupied Heating Discharge Air Flow Setpoint Limit,,1.1
Max_Unoccupied_Heating_Discharge_Air_Flow_Setpoint_Limit,Max Unoccupied Heating Discharge Air Flow Setpoint Limit,,1.1
Max_Heating_Supply_Air_Flow_Setpoint_Limit,Max Heating Supply Air Flow Setpoint Limit,,1.1
Max_Occupied_Heating_Supply_Air_Flow_Setpoint_Limit,Max Occupied Heating Supply Air Flow Setpoint Limit,,1.1
Max_Unoccupied_Heating_Supply_Air_Flow_Setpoint_Limit,Max Unoccupied Heating Supply Air Flow Setpoint Limit,,1.1
Min_Air_Flow_Setpoint_Limit,Min Air Flow Setpoint Limit,,1.1
Min_Cooling_Discharge_Air_Flow_Setpoint_Limit,Min Cooling Discharge Air Flow Setpoint Limit,,1.1
Min_Occupied_Cooling_Discharge_Air_Flow_Setpoint_Limit,Min Occupied Cooling Discharge Air Flow Setpoint Limit,,1.1
Min_Unoccupied_Cooling_Discharge_Air_Flow_Setpoint_Limit,Min Unoccupied Cooling Discharge Air Flow Setpoint Limit,,1.1
Min_Cooling_Supply_Air_Flow_Setpoint_Limit,Min Cooling Supply Air Flow Setpoint Limit,,1.1
Min_Occupied_Cooling_Supply_Air_Flow_Setpoint_Limit,Min Occupied Cooling Supply Air Flow Setpoint Limit,,1.1
Min_Unoccupied_Cooling_Supply_Air_Flow_Setpoint_Limit,Min Unoccupied Cooling Supply Air Flow Setpoint Limit,,1.1
Min_Heating_Discharge_Air_Flow_Setpoint_Limit,Min Heating Discharge Air Flow Setpoint Limit,,1.1
Min_Occupied_Heating_Discharge_Air_Flow_Setpoint_Limit,Min Occupied Heating Discharge Air Flow Setpoint Limit,,1.1
Min_Unoccupied_Heating_Discharge_Air_Flow_Setpoint_Limit,Min Unoccupied Heating Discharge Air Flow Setpoint Limit,,1.1
Min_Heating_Supply_Air_Flow_Setpoint_Limit,Min Heating Supply Air Flow Setpoint Limit,,1.1
Min_Occupied_Heating_Supply_Air_Flow_Setpoint_Limit,Min Occupied Heating Supply Air Flow Setpoint Limit,,1.1
Min_Unoccupied_Heating_Supply_Air_Flow_Setpoint_Limit,Min Unoccupied Heating Supply Air Flow Setpoint Limit,,1.1
Min_Outside_Air_Flow_Setpoint_Limit,Min Outside Air Flow Setpoint Limit,,1.1
Air_Temperature_Setpoint_Limit,Air Temperature Setpoint Limit,,1.1
Discharge_Air_Temperature_Setpoint_Limit,Discharge Air Temperature Setpoint Limit,,1.1
Max_Discharge_Air_Temperature_Setpoint_Limit,Max Discharge Air Temperature Setpoint Limit,,1.1
Min_Discharge_Air_Temperature_Setpoint_Limit,Min Discharge Air Temperature Setpoint Limit,,1.1
Close_Limit,Close Limit,,1.1
Current_Limit,Current Limit,,1.1
Differential_Pressure_Setpoint_Limit,Differential Pressure Setpoint Limit,,1.1
Max_Chilled_Water_Differential_Pressure_Setpoint_Limit,Max Chilled Water Differential Pressure Setpoint Limit,,1.1
Max_Hot_Water_Differential_Pressure_Setpoint_Limit,Max Hot Water Differential Pressure Setpoint Limit,,1.1
Min_Chilled_Water_Differential_Pressure_Setpoint_Limit,Min Chilled Water Differential Pressure Setpoint Limit,,1.1
Min_Hot_Water_Differential_Pressure_Setpoint_Limit,Min Hot Water Differential Pressure Setpoint Limit,,1.1
Fresh_Air_Setpoint_Limit,Fresh Air Setpoint Limit,,1.1
Min_Fresh_Air_Setpoint_Limit,Min Fresh Air Setpoint Limit,,1.1
Max_Limit,Max Limit,,1.1
Max_Discharge_Air_Static_Pressure_Setpoint_Limit,Max Discharge Air Static Pressure Setpoint Limit,,1.1
Max_Position_Setpoint_Limit,Max Position Setpoint Limit,,1.1
Max_Speed_Setpoint_Limit,Max Speed Setpoint Limit,,1.1
Max_Static_Pressure_Setpoint_Limit,Max Static Pressure Setpoint Limit,,1.1
Max_Supply_Air_Static_Pressure_Setpoint_Limit,Max Supply Air Static Pressure Setpoint Limit,,1.1
Max_Temperature_Setpoint_Limit,Max Temperature Setpoint Limit,,1.1
Min_Limit,Min Limit,,1.1
Min_Discharge_Air_Static_Pressure_Setpoint_Limit,Min Discharge Air Static Pressure Setpoint Limit,,1.1
Min_Position_Setpoint_Limit,Min Position Setpoint Limit,,1.1
Min_Speed_Setpoint_Limit,Min Speed Setpoint Limit,,1.1
Min_Static_Pressure_Setpoint_Limit,Min Static Pressure Setpoint Limit,,1.1
Min_Supply_Air_Static_Pressure_Setpoint_Limit,Min Supply Air Static Pressure Setpoint Limit,,1.1
Min_Temperature_Setpoint_Limit,Min Temperature Setpoint Limit,,1.1
Position_Limit,Position Limit,,1.1
Speed_Setpoint_Limit,Speed Setpoint Limit,,1.1
Static_Pressure_Setpoint_Limit,Static Pressure Setpoint Limit,,1.1
High_Static_Pressure_Cutout_Setpoint_Limit,High Static Pressure Cutout Setpoint Limit,,1.1
Ventilation_Air_Flow_Ratio_Limit,Ventilation Air Flow Ratio Limit,,1.1
Load_Parameter,Load Parameter,,1.1
Max_Load_Setpoint,Max Load Setpoint,,1.1
PID_Parameter,PID Parameter,,1.1
Gain_Parameter,Gain Parameter,,1.1
Derivative_Gain_Parameter,Derivative Gain Parameter,,1.1
Integral_Gain_Parameter,Integral Gain Parameter,,1.1
Supply_Air_Integral_Gain_Parameter,Supply Air Integral Gain Parameter,,1.1
Proportional_Gain_Parameter,Proportional Gain Parameter,,1.1
Supply_Air_Proportional_Gain_Parameter,Supply Air Proportional Gain Parameter,,1.1
Proportional_Band_Parameter,Proportional Band Parameter,,1.1
Differential_Pressure_Proportional_Band,Differential Pressure Proportional Band,,1.1
Chilled_Water_Differential_Pressure_Proportional_Band_Parameter,Chilled Water Differential Pressure Proportional Band Parameter,,1.1
Discharge_Water_Differential_Pressure_Proportional_Band_Parameter,Discharge Water Differential Pressure Proportional Band Parameter,,1.1
Hot_Water_Differential_Pressure_Proportional_Band_Parameter,Hot Water Differential Pressure Proportional Band Parameter,,1.1
Supply_Water_Differential_Pressure_Proportional_Band_Parameter,Supply Water Differential Pressure Proportional Band Parameter,,1.1
Discharge_Air_Temperature_Proportional_Band_Parameter,Discharge Air Temperature Proportional Band Parameter,,1.1
Cooling_Discharge_Air_Temperature_Proportional_Band_Parameter,Cooling Discharge Air Temperature Proportional Band Parameter,,1.1
Heating_Discharge_Air_Temperature_Proportional_Band_Parameter,Heating Discharge Air Temperature Proportional Band Parameter,,1.1
Discharge_Water_Temperature_Proportional_Band_Parameter,Discharge Water Temperature Proportional Band Parameter,,1.1
Exhaust_Air_Flow_Proportional_Band_Parameter,Exhaust Air Flow Proportional Band Parameter,,1.1
Exhaust_Air_Stack_Flow_Proportional_Band_Parameter,Exhaust Air Stack Flow Proportional Band Parameter,,1.1
Static_Pressure_Proportional_Band_Parameter,Static Pressure Proportional Band Parameter,,1.1
Discharge_Air_Static_Pressure_Proportional_Band_Parameter,Discharge Air Static Pressure Proportional Band Parameter,,1.1
Exhaust_Air_Static_Pressure_Proportional_Band_Parameter,Exhaust Air Static Pressure Proportional Band Parameter,,1.1
Supply_Air_Static_Pressure_Proportional_Band_Parameter,Supply Air Static Pressure Proportional Band Parameter,,1.1
Supply_Air_Temperature_Proportional_Band_Parameter,Supply Air Temperature Proportional Band Parameter,,1.1
Cooling_Supply_Air_Temperature_Proportional_Band_Parameter,Cooling Supply Air Temperature Proportional Band Parameter,,1.1
Heating_Supply_Air_Temperature_Proportional_Band_Parameter,Heating Supply Air Temperature Proportional Band Parameter,,1.1
Supply_Water_Temperature_Proportional_Band_Parameter,Supply Water Temperature Proportional Band Parameter,,1.1
Step_Parameter,Step Parameter,,1.1
Differential_Pressure_Step_Parameter,Differential Pressure Step Parameter,,1.1
Chilled_Water_Differential_Pressure_Step_Parameter,Chilled Water Differential Pressure Step Parameter,,1.1
Static_Pressure_Step_Parameter,Static Pressure Step Parameter,,1.1
Air_Static_Pressure_Step_Parameter,Air Static Pressure Step Parameter,,1.1
Discharge_Air_Static_Pressure_Step_Parameter,Discharge Air Static Pressure Step Parameter,,1.1
Temperature_Step_Parameter,Temperature Step Parameter,,1.1
Air_Temperature_Step_Parameter,Air Temperature Step Parameter,,1.1
Discharge_Air_Temperature_Step_Parameter,Discharge Air Temperature Step Parameter,,1.1
Supply_Air_Temperature_Step_Parameter,Supply Air Temperature Step Parameter,,1.1
Time_Parameter,Time Parameter,,1.1
Derivative_Time_Parameter,Derivative Time Parameter,,1.1
Integral_Time_Parameter,Integral Time Parameter,,1.1
Air_Temperature_Integral_Time_Parameter,Air Temperature Integral Time Parameter,,1.1
Cooling_Discharge_Air_Temperature_Integral_Time_Parameter,Cooling Discharge Air Temperature Integral Time Parameter,,1.1
Cooling_Supply_Air_Temperature_Integral_Time_Parameter,Cooling Supply Air Temperature Integral Time Parameter,,1.1
Heating_Discharge_Air_Temperature_Integral_Time_Parameter,Heating Discharge Air Temperature Integral Time Parameter,,1.1
Heating_Supply_Air_Temperature_Integral_Time_Parameter,Heating Supply Air Temperature Integral Time Parameter,,1.1
Differential_Pressure_Integral_Time_Parameter,Differential Pressure Integral Time Parameter,,1.1
Chilled_Water_Differential_Pressure_Integral_Time_Parameter,Chilled Water Differential Pressure Integral Time Parameter,,1.1
Discharge_Water_Differential_Pressure_Integral_Time_Parameter,Discharge Water Differential Pressure Integral Time Parameter,,1.1
Hot_Water_Differential_Pressure_Integral_Time_Parameter,Hot Water Differential Pressure Integral Time Parameter,,1.1
Supply_Water_Differential_Pressure_Integral_Time_Parameter,Supply Water Differential Pressure Integral Time Parameter,,1.1
Exhaust_Air_Flow_Integral_Time_Parameter,Exhaust Air Flow Integral Time Parameter,,1.1
Exhaust_Air_Stack_Flow_Integral_Time_Parameter,Exhaust Air Stack Flow Integral Time Parameter,,1.1
Static_Pressure_Integral_Time_Parameter,Static Pressure Integral Time Parameter,,1.1
Discharge_Air_Static_Pressure_Integral_Time_Parameter,Discharge Air Static Pressure Integral Time Parameter,,1.1
Supply_Air_Static_Pressure_Integral_Time_Parameter,Supply Air Static Pressure Integral Time Parameter,,1.1
Supply_Water_Temperature_Integral_Time_Parameter,Supply Water Temperature Integral Time Parameter,,1.1
Temperature_Parameter,Temperature Parameter,,1.1
High_Temperature_Alarm_Parameter,High Temperature Alarm Parameter,,1.1
Low_Freeze_Protect_Temperature_Parameter,Low Freeze Protect Temperature Parameter,,1.1
Low_Temperature_Alarm_Parameter,Low Temperature Alarm Parameter,,1.1
Temperature_Tolerance_Parameter,Temperature Tolerance Parameter,,1.1
Tolerance_Parameter,Tolerance Parameter,,1.1
Sensor,Sensor,,1.1
Adjust_Sensor,Adjust Sensor,,1.1
Temperature_Adjust_Sensor,Temperature Adjust Sensor,,1.1
Warm_Cool_Adjust_Sensor,Warm Cool Adjust Sensor,,1.1
Air_Grains_Sensor,Air Grains Sensor,,1.1
Outside_Air_Grains_Sensor,Outside Air Grains Sensor,,1.1
Return_Air_Grains_Sensor,Return Air Grains Sensor,,1.1
Angle_Sensor,Angle Sensor,,1.1
Solar_Azimuth_Angle_Sensor,Solar Azimuth Angle Sensor,,1.1
Solar_Zenith_Angle_Sensor,Solar Zenith Angle Sensor,,1.1
CO2_Sensor,CO2 Sensor,,1.1
CO2_Differential_Sensor,CO2 Differential Sensor,,1.1
CO2_Level_Sensor,CO2 Level Sensor,,1.1
Outside_Air_CO2_Sensor,Outside Air CO2 Sensor,,1.1
Return_Air_CO2_Sensor,Return Air CO2 Sensor,,1.1
Capacity_Sensor,Capacity Sensor,,1.1
Conductivity_Sensor,Conductivity Sensor,senses or detects electrical conductance,1.1
Deionised_Water_Conductivity_Sensor,Deionised Water Conductivity Sensor,,1.1
Contact_Sensor,Contact Sensor,"Senses or detects contact, such as for detecting if a door is closed.",1.1
Current_Sensor,Current Sensor,,1.1
Current_Output_Sensor,Current Output Sensor,,1.1
PV_Current_Output_Sensor,PV Current Output Sensor,,1.1
Photovoltaic_Current_Output_Sensor,Photovoltaic Current Output Sensor,,1.1
Load_Current_Sensor,Load Current Sensor,,1.1
Motor_Current_Sensor,Motor Current Sensor,,1.1
Demand_Sensor,Demand Sensor,,1.1
Cooling_Demand_Sensor,Cooling Demand Sensor,,1.1
Average_Cooling_Demand_Sensor,Average Cooling Demand Sensor,,1.1
Heating_Demand_Sensor,Heating Demand Sensor,,1.1
Average_Heating_Demand_Sensor,Average Heating Demand Sensor,,1.1
Peak_Power_Demand_Sensor,Peak Power Demand Sensor,,1.1
Dewpoint_Sensor,Dewpoint Sensor,,1.1
Outside_Air_Dewpoint_Sensor,Outside Air Dewpoint Sensor,,1.1
Return_Air_Dewpoint_Sensor,Return Air Dewpoint Sensor,,1.1
Direction_Sensor,Direction Sensor,,1.1
Wind_Direction_Sensor,Wind Direction Sensor,,1.1
Duration_Sensor,Duration Sensor,,1.1
On_Timer_Sensor,On Timer Sensor,,1.1
Rain_Duration_Sensor,Rain Duration Sensor,,1.1
Run_Time_Sensor,Run Time Sensor,,1.1
Energy_Sensor,Energy Sensor,,1.1
Energy_Usage_Sensor,Energy Usage Sensor,,1.1
Daily_Energy_Usage_Sensor,Daily Energy Usage Sensor,,1.1
Monthly_Energy_Usage_Sensor,Monthly Energy Usage Sensor,,1.1
Yearly_Energy_Usage_Sensor,Yearly Energy Usage Sensor,,1.1
Today_Peak_Energy_Sensor,Today Peak Energy Sensor,,1.1
Enthalpy_Sensor,Enthalpy Sensor,,1.1
Air_Enthalpy_Sensor,Air Enthalpy Sensor,,1.1
Outside_Air_Enthalpy_Sensor,Outside Air Enthalpy Sensor,,1.1
Return_Air_Enthalpy_Sensor,Return Air Enthalpy Sensor,,1.1
Fire_Sensor,Fire Sensor,senses or detects fire,1.1
Flow_Sensor,Flow Sensor,senses or detects flow in a fluid,1.1
Air_Flow_Sensor,Air Flow Sensor,,1.1
Bypass_Air_Flow_Sensor,Bypass Air Flow Sensor,,1.1
Discharge_Air_Flow_Sensor,Discharge Air Flow Sensor,,1.1
Average_Discharge_Air_Flow_Sensor,Average Discharge Air Flow Sensor,,1.1
Exhaust_Air_Flow_Sensor,Exhaust Air Flow Sensor,,1.1
Exhaust_Air_Stack_Flow_Sensor,Exhaust Air Stack Flow Sensor,,1.1
Fume_Hood_Air_Flow_Sensor,Fume Hood Air Flow Sensor,,1.1
Outside_Air_Flow_Sensor,Outside Air Flow Sensor,,1.1
Return_Air_Flow_Sensor,Return Air Flow Sensor,,1.1
Supply_Air_Flow_Sensor,Supply Air Flow Sensor,,1.1
Average_Supply_Air_Flow_Sensor,Average Supply Air Flow Sensor,,1.1
Water_Flow_Sensor,Water Flow Sensor,,1.1
Discharge_Water_Flow_Sensor,Discharge Water Flow Sensor,,1.1
Chilled_Water_Discharge_Flow_Sensor,Chilled Water Discharge Flow Sensor,,1.1
Hot_Water_Flow_Sensor,Hot Water Flow Sensor,,1.1
Supply_Water_Flow_Sensor,Supply Water Flow Sensor,,1.1
Chilled_Water_Supply_Flow_Sensor,Chilled Water Supply Flow Sensor,,1.1
Frequency_Sensor,Frequency Sensor,,1.1
Output_Frequency_Sensor,Output Frequency Sensor,,1.1
Frost_Sensor,Frost Sensor,,1.1
Gas_Sensor,Gas Sensor,senses or detects gas concentration (other than CO2),1.1
Hail_Sensor,Hail Sensor,,1.1
Heat_Sensor,Heat Sensor,,1.1
Trace_Heat_Sensor,Trace Heat Sensor,,1.1
Humidity_Sensor,Humidity Sensor,,1.1
Air_Humidity_Sensor,Air Humidity Sensor,,1.1
Discharge_Air_Humidity_Sensor,Discharge Air Humidity Sensor,,1.1
Exhaust_Air_Humidity_Sensor,Exhaust Air Humidity Sensor,,1.1
Outside_Air_Humidity_Sensor,Outside Air Humidity Sensor,,1.1
Relative_Humidity_Sensor,Relative Humidity Sensor,,1.1
Return_Air_Humidity_Sensor,Return Air Humidity Sensor,,1.1
Supply_Air_Humidity_Sensor,Supply Air Humidity Sensor,,1.1
Zone_Air_Humidity_Sensor,Zone Air Humidity Sensor,,1.1
Illuminance_Sensor,Illuminance Sensor,,1.1
Outside_Illuminance_Sensor,Outside Illuminance Sensor,,1.1
Luminance_Sensor,Luminance Sensor,,1.1
Motion_Sensor,Motion Sensor,,1.1
PIR_Sensor,PIR Sensor,,1.1
Occupancy_Sensor,Occupancy Sensor,,1.1
Piezoelectric_Sensor,Piezoelectric Sensor,,1.1
Position_Sensor,Position Sensor,,1.1
Damper_Position_Sensor,Damper Position Sensor,,1.1
Sash_Position_Sensor,Sash Position Sensor,,1.1
Power_Sensor,Power Sensor,,1.1
Electrical_Power_Sensor,Electrical Power Sensor,,1.1
Active_Power_Sensor,Active Power Sensor,,1.1
Reactive_Power_Sensor,Reactive Power Sensor,,1.1
Thermal_Power_Sensor,Thermal Power Sensor,,1.1
Heating_Thermal_Power_Sensor,Heating Thermal Power Sensor,,1.1
Pressure_Sensor,Pressure Sensor,,1.1
Differential_Pressure_Sensor,Differential Pressure Sensor,,1.1
Air_Differential_Pressure_Sensor,Air Differential Pressure Sensor,,1.1
Chilled_Water_Differential_Pressure_Sensor,Chilled Water Differential Pressure Sensor,,1.1
Filter_Differential_Pressure_Sensor,Filter Differential Pressure Sensor,,1.1
Hot_Water_Differential_Pressure_Sensor,Hot Water Differential Pressure Sensor,,1.1
Medium_Temperature_Hot_Water_Differential_Pressure_Sensor,Medium Temperature Hot Water Differential Pressure Sensor,,1.1
Static_Pressure_Sensor,Static Pressure Sensor,,1.1
Building_Air_Static_Pressure_Sensor,Building Air Static Pressure Sensor,,1.1
Discharge_Air_Static_Pressure_Sensor,Discharge Air Static Pressure Sensor,,1.1
Exhaust_Air_Static_Pressure_Sensor,Exhaust Air Static Pressure Sensor,,1.1
Average_Exhaust_Air_Static_Pressure_Sensor,Average Exhaust Air Static Pressure Sensor,,1.1
Lowest_Exhaust_Air_Static_Pressure_Sensor,Lowest Exhaust Air Static Pressure Sensor,,1.1
Supply_Air_Static_Pressure_Sensor,Supply Air Static Pressure Sensor,,1.1
Velocity_Pressure_Sensor,Velocity Pressure Sensor,,1.1
Discharge_Air_Velocity_Pressure_Sensor,Discharge Air Velocity Pressure Sensor,,1.1
Exhaust_Air_Velocity_Pressure_Sensor,Exhaust Air Velocity Pressure Sensor,,1.1
Supply_Air_Velocity_Pressure_Sensor,Supply Air Velocity Pressure Sensor,,1.1
Rain_Sensor,Rain Sensor,,1.1
Solar_Radiance_Sensor,Solar Radiance Sensor,,1.1
Speed_Sensor,Speed Sensor,,1.1
Differential_Speed_Sensor,Differential Speed Sensor,,1.1
Motor_Speed_Sensor,Motor Speed Sensor,,1.1
Wind_Speed_Sensor,Wind Speed Sensor,,1.1
Temperature_Sensor,Temperature Sensor,,1.1
Air_Temperature_Sensor,Air Temperature Sensor,,1.1
Discharge_Air_Temperature_Sensor,Discharge Air Temperature Sensor,,1.1
Preheat_Discharge_Air_Temperature_Sensor,Preheat Discharge Air Temperature Sensor,,1.1
Exhaust_Air_Temperature_Sensor,Exhaust Air Temperature Sensor,,1.1
Mixed_Air_Temperature_Sensor,Mixed Air Temperature Sensor,,1.1
Outside_Air_Temperature_Sensor,Outside Air Temperature Sensor,,1.1
Outside_Air_Lockout_Temperature_Differential_Sensor,Outside Air Lockout Temperature Differential Sensor,,1.1
High_Outside_Air_Lockout_Temperature_Differential_Sensor,High Outside Air Lockout Temperature Differential Sensor,,1.1
Low_Outside_Air_Lockout_Temperature_Differential_Sensor,Low Outside Air Lockout Temperature Differential Sensor,,1.1
Outside_Air_Temperature_Enable_Differential_Sensor,Outside Air Temperature Enable Differential Sensor,,1.1
Low_Outside_Air_Temperature_Enable_Differential_Sensor,Low Outside Air Temperature Enable Differential Sensor,,1.1
Return_Air_Temperature_Sensor,Return Air Temperature Sensor,,1.1
Supply_Air_Temperature_Sensor,Supply Air Temperature Sensor,,1.1
Preheat_Supply_Air_Temperature_Sensor,Preheat Supply Air Temperature Sensor,,1.1
Underfloor_Air_Temperature_Sensor,Underfloor Air Temperature Sensor,,1.1
Zone_Air_Temperature_Sensor,Zone Air Temperature Sensor,,1.1
Average_Zone_Air_Temperature_Sensor,Average Zone Air Temperature Sensor,,1.1
Coldest_Zone_Air_Temperature_Sensor,Coldest Zone Air Temperature Sensor,,1.1
Highest_Zone_Air_Temperature_Sensor,Highest Zone Air Temperature Sensor,,1.1
Lowest_Zone_Air_Temperature_Sensor,Lowest Zone Air Temperature Sensor,,1.1
Warmest_Zone_Air_Temperature_Sensor,Warmest Zone Air Temperature Sensor,,1.1
Water_Temperature_Sensor,Water Temperature Sensor,,1.1
Chilled_Water_Temperature_Sensor,Chilled Water Temperature Sensor,,1.1
Chilled_Water_Differential_Temperature_Sensor,Chilled Water Differential Temperature Sensor,,1.1
Chilled_Water_Return_Temperature_Sensor,Chilled Water Return Temperature Sensor,,1.1
Chilled_Water_Supply_Temperature_Sensor,Chilled Water Supply Temperature Sensor,,1.1
Discharge_Water_Temperature_Sensor,Discharge Water Temperature Sensor,,1.1
Entering_Water_Temperature_Sensor,Entering Water Temperature Sensor,,1.1
Heat_Exchanger_Supply_Water_Temperature_Sensor,Heat Exchanger Supply Water Temperature Sensor,,1.1
Hot_Water_Supply_Temperature_Sensor,Hot Water Supply Temperature Sensor,,1.1
Domestic_Hot_Water_Supply_Temperature_Sensor,Domestic Hot Water Supply Temperature Sensor,,1.1
High_Temperature_Hot_Water_Supply_Temperature_Sensor,High Temperature Hot Water Supply Temperature Sensor,,1.1
Medium_Temperature_Hot_Water_Supply_Temperature_Sensor,Medium Temperature Hot Water Supply Temperature Sensor,,1.1
Leaving_Water_Temperature_Sensor,Leaving Water Temperature Sensor,,1.1
Ice_Tank_Leaving_Water_Temperature_Sensor,Ice Tank Leaving Water Temperature Sensor,,1.1
Return_Water_Temperature_Sensor,Return Water Temperature Sensor,,1.1
Differential_Supply_Return_Water_Temperature_Sensor,Differential Supply Return Water Temperature Sensor,,1.1
Hot_Water_Return_Temperature_Sensor,Hot Water Return Temperature Sensor,,1.1
High_Temperature_Hot_Water_Return_Temperature_Sensor,High Temperature Hot Water Return Temperature Sensor,,1.1
Medium_Temperature_Hot_Water_Return_Temperature_Sensor,Medium Temperature Hot Water Return Temperature Sensor,,1.1
Torque_Sensor,Torque Sensor,,1.1
Motor_Torque_Sensor,Motor Torque Sensor,,1.1
Usage_Sensor,Usage Sensor,,1.1
Steam_Usage_Sensor,Steam Usage Sensor,,1.1
Monthly_Steam_Usage_Sensor,Monthly Steam Usage Sensor,,1.1
Today_Steam_Usage_Sensor,Today Steam Usage Sensor,,1.1
Yearly_Steam_Usage_Sensor,Yearly Steam Usage Sensor,,1.1
Water_Usage_Sensor,Water Usage Sensor,,1.1
Hot_Water_Usage_Sensor,Hot Water Usage Sensor,,1.1
Voltage_Sensor,Voltage Sensor,,1.1
Battery_Voltage_Sensor,Battery Voltage Sensor,,1.1
DC_Bus_Voltage_Sensor,DC Bus Voltage Sensor,,1.1
Output_Voltage_Sensor,Output Voltage Sensor,,1.1
Water_Level_Sensor,Water Level Sensor,,1.1
Deionised_Water_Level_Sensor,Deionised Water Level Sensor,,1.1
Setpoint,Setpoint,,1.1
CO2_Setpoint,CO2 Setpoint,,1.1
Return_Air_CO2_Setpoint,Return Air CO2 Setpoint,,1.1
Max_Return_Air_CO2_Setpoint,Max Return Air CO2 Setpoint,,1.1
Damper_Position_Setpoint,Damper Position Setpoint,,1.1
Deadband_Setpoint,Deadband Setpoint,,1.1
Air_Flow_Deadband_Setpoint,Air Flow Deadband Setpoint,,1.1
Exhaust_Air_Stack_Flow_Deadband_Setpoint,Exhaust Air Stack Flow Deadband Setpoint,,1.1
Differential_Pressure_Deadband_Setpoint,Differential Pressure Deadband Setpoint,,1.1
Chilled_Water_Differential_Pressure_Deadband_Setpoint,Chilled Water Differential Pressure Deadband Setpoint,,1.1
Chilled_Water_Pump_Differential_Pressure_Deadband_Setpoint,Chilled Water Pump Differential Pressure Deadband Setpoint,,1.1
Discharge_Water_Differential_Pressure_Deadband_Setpoint,Discharge Water Differential Pressure Deadband Setpoint,,1.1
Thermal_Energy_Storage_Discharge_Water_Differential_Pressure_Deadband_Setpoint,Thermal Energy Storage Discharge Water Differential Pressure Deadband Setpoint,,1.1
Hot_Water_Differential_Pressure_Deadband_Setpoint,Hot Water Differential Pressure Deadband Setpoint,,1.1
Supply_Water_Differential_Pressure_Deadband_Setpoint,Supply Water Differential Pressure Deadband Setpoint,,1.1
Thermal_Energy_Storage_Supply_Water_Differential_Pressure_Deadband_Setpoint,Thermal Energy Storage Supply Water Differential Pressure Deadband Setpoint,,1.1
Static_Pressure_Deadband_Setpoint,Static Pressure Deadband Setpoint,,1.1
Discharge_Air_Static_Pressure_Deadband_Setpoint,Discharge Air Static Pressure Deadband Setpoint,,1.1
Supply_Air_Static_Pressure_Deadband_Setpoint,Supply Air Static Pressure Deadband Setpoint,,1.1
Temperature_Deadband_Setpoint,Temperature Deadband Setpoint,,1.1
Discharge_Air_Temperature_Deadband_Setpoint,Discharge Air Temperature Deadband Setpoint,,1.1
Cooling_Discharge_Air_Temperature_Deadband_Setpoint,Cooling Discharge Air Temperature Deadband Setpoint,,1.1
Heating_Discharge_Air_Temperature_Deadband_Setpoint,Heating Discharge Air Temperature Deadband Setpoint,,1.1
Occupied_Cooling_Temperature_Deadband_Setpoint,Occupied Cooling Temperature Deadband Setpoint,,1.1
Occupied_Heating_Temperature_Deadband_Setpoint,Occupied Heating Temperature Deadband Setpoint,,1.1
Supply_Air_Temperature_Deadband_Setpoint,Supply Air Temperature Deadband Setpoint,,1.1
Cooling_Supply_Air_Temperature_Deadband_Setpoint,Cooling Supply Air Temperature Deadband Setpoint,,1.1
Heating_Supply_Air_Temperature_Deadband_Setpoint,Heating Supply Air Temperature Deadband Setpoint,,1.1
Supply_Water_Temperature_Deadband_Setpoint,Supply Water Temperature Deadband Setpoint,,1.1
Demand_Setpoint,Demand Setpoint,,1.1
Air_Flow_Demand_Setpoint,Air Flow Demand Setpoint,,1.1
Discharge_Air_Flow_Demand_Setpoint,Discharge Air Flow Demand Setpoint,,1.1
Supply_Air_Flow_Demand_Setpoint,Supply Air Flow Demand Setpoint,,1.1
Cooling_Demand_Setpoint,Cooling Demand Setpoint,,1.1
Heating_Demand_Setpoint,Heating Demand Setpoint,,1.1
Preheat_Demand_Setpoint,Preheat Demand Setpoint,,1.1
Dew_Point_Setpoint,Dew Point Setpoint,,1.1
Enthalpy_Setpoint,Enthalpy Setpoint,,1.1
Flow_Setpoint,Flow Setpoint,,1.1
Air_Flow_Setpoint,Air Flow Setpoint,,1.1
Discharge_Air_Flow_Setpoint,Discharge Air Flow Setpoint,,1.1
Cooling_Discharge_Air_Flow_Setpoint,Cooling Discharge Air Flow Setpoint,,1.1
Occupied_Cooling_Discharge_Air_Flow_Setpoint,Occupied Cooling Discharge Air Flow Setpoint,,1.1
Unoccupied_Cooling_Discharge_Air_Flow_Setpoint,Unoccupied Cooling Discharge Air Flow Setpoint,,1.1
Heating_Discharge_Air_Flow_Setpoint,Heating Discharge Air Flow Setpoint,,1.1
Occupied_Heating_Discharge_Air_Flow_Setpoint,Occupied Heating Discharge Air Flow Setpoint,,1.1
Occupied_Discharge_Air_Flow_Setpoint,Occupied Discharge Air Flow Setpoint,,1.1
Exhaust_Air_Flow_Setpoint,Exhaust Air Flow Setpoint,,1.1
Exhaust_Air_Stack_Flow_Setpoint,Exhaust Air Stack Flow Setpoint,,1.1
Fan_Air_Flow_Setpoint,Fan Air Flow Setpoint,,1.1
Outside_Air_Flow_Setpoint,Outside Air Flow Setpoint,,1.1
Supply_Air_Flow_Setpoint,Supply Air Flow Setpoint,,1.1
Cooling_Supply_Air_Flow_Setpoint,Cooling Supply Air Flow Setpoint,,1.1
Occupied_Cooling_Supply_Air_Flow_Setpoint,Occupied Cooling Supply Air Flow Setpoint,,1.1
Heating_Supply_Air_Flow_Setpoint,Heating Supply Air Flow Setpoint,,1.1
Occupied_Heating_Supply_Air_Flow_Setpoint,Occupied Heating Supply Air Flow Setpoint,,1.1
Occupied_Supply_Air_Flow_Setpoint,Occupied Supply Air Flow Setpoint,,1.1
Humidity_Setpoint,Humidity Setpoint,,1.1
Load_Setpoint,Load Setpoint,,1.1
Load_Shed_Setpoint,Load Shed Setpoint,,1.1
Load_Shed_Differential_Pressure_Setpoint,Load Shed Differential Pressure Setpoint,,1.1
Chilled_Water_Differential_Pressure_Load_Shed_Setpoint,Chilled Water Differential Pressure Load Shed Setpoint,,1.1
Medium_Temperature_Hot_Water_Differential_Pressure_Load_Shed_Setpoint,Medium Temperature Hot Water Differential Pressure Load Shed Setpoint,,1.1
Medium_Temperature_Hot_Water_Supply_Temperature_Load_Shed_Setpoint,Medium Temperature Hot Water Supply Temperature Load Shed Setpoint,,1.1
Luminance_Setpoint,Luminance Setpoint,,1.1
Mode_Setpoint,Mode Setpoint,,1.1
Dual_Band_Mode_Setpoint,Dual Band Mode Setpoint,,1.1
Occupied_Mode_Setpoint,Occupied Mode Setpoint,,1.1
Unoccupied_Mode_Setpoint,Unoccupied Mode Setpoint,,1.1
Pressure_Setpoint,Pressure Setpoint,,1.1
Differential_Pressure_Setpoint,Differential Pressure Setpoint,,1.1
Chilled_Water_Differential_Pressure_Setpoint,Chilled Water Differential Pressure Setpoint,,1.1
Hot_Water_Differential_Pressure_Setpoint,Hot Water Differential Pressure Setpoint,,1.1
Static_Pressure_Setpoint,Static Pressure Setpoint,,1.1
Building_Air_Static_Pressure_Setpoint,Building Air Static Pressure Setpoint,,1.1
Chilled_Water_Static_Pressure_Setpoint,Chilled Water Static Pressure Setpoint,,1.1
Discharge_Air_Static_Pressure_Setpoint,Discharge Air Static Pressure Setpoint,,1.1
Exhaust_Air_Static_Pressure_Setpoint,Exhaust Air Static Pressure Setpoint,,1.1
Hot_Water_Static_Pressure_Setpoint,Hot Water Static Pressure Setpoint,,1.1
Supply_Air_Static_Pressure_Setpoint,Supply Air Static Pressure Setpoint,,1.1
Velocity_Pressure_Setpoint,Velocity Pressure Setpoint,,1.1
Request_Setpoint,Request Setpoint,,1.1
Cooling_Request_Setpoint,Cooling Request Setpoint,,1.1
Cooling_Request_Percent_Setpoint,Cooling Request Percent Setpoint,,1.1
Heating_Request_Setpoint,Heating Request Setpoint,,1.1
Heating_Request_Percent_Setpoint,Heating Request Percent Setpoint,,1.1
Reset_Setpoint,Reset Setpoint,Setpoints used in Reset strategies,1.1
Discharge_Air_Flow_Reset_Setpoint,Discharge Air Flow Reset Setpoint,,1.1
Discharge_Air_Flow_Reset_High_Setpoint,Discharge Air Flow Reset High Setpoint,,1.1
Discharge_Air_Flow_Reset_Low_Setpoint,Discharge Air Flow Reset Low Setpoint,,1.1
Temperature_Differential_Reset_Setpoint,Temperature Differential Reset Setpoint,,1.1
Discharge_Air_Temperature_Reset_Differential_Setpoint,Discharge Air Temperature Reset Differential Setpoint,,1.1
Discharge_Air_Temperature_Reset_High_Setpoint,Discharge Air Temperature Reset High Setpoint,,1.1
Discharge_Air_Temperature_Reset_Low_Setpoint,Discharge Air Temperature Reset Low Setpoint,,1.1
Supply_Air_Temperature_Reset_Differential_Setpoint,Supply Air Temperature Reset Differential Setpoint,,1.1
Temperature_High_Reset_Setpoint,Temperature High Reset Setpoint,,1.1
Hot_Water_Supply_Temperature_High_Reset_Setpoint,Hot Water Supply Temperature High Reset Setpoint,,1.1
Medium_Temperature_Hot_Water_Discharge_Temperature_High_Reset_Setpoint,Medium Temperature Hot Water Discharge Temperature High Reset Setpoint,,1.1
Medium_Temperature_Hot_Water_Supply_Temperature_High_Reset_Setpoint,Medium Temperature Hot Water Supply Temperature High Reset Setpoint,,1.1
Outside_Air_Temperature_High_Reset_Setpoint,Outside Air Temperature High Reset Setpoint,,1.1
Supply_Air_Temperature_Reset_High_Setpoint,Supply Air Temperature Reset High Setpoint,,1.1
Temperature_Low_Reset_Setpoint,Temperature Low Reset Setpoint,,1.1
Hot_Water_Supply_Temperature_Low_Reset_Setpoint,Hot Water Supply Temperature Low Reset Setpoint,,1.1
Medium_Temperature_Hot_Water_Discharge_Temperature_Low_Reset_Setpoint,Medium Temperature Hot Water Discharge Temperature Low Reset Setpoint,,1.1
Medium_Temperature_Hot_Water_Supply_Temperature_Low_Reset_Setpoint,Medium Temperature Hot Water Supply Temperature Low Reset Setpoint,,1.1
Outside_Air_Temperature_Low_Reset_Setpoint,Outside Air Temperature Low Reset Setpoint,,1.1
Supply_Air_Temperature_Reset_Low_Setpoint,Supply Air Temperature Reset Low Setpoint,,1.1
Speed_Setpoint,Speed Setpoint,,1.1
Differential_Speed_Setpoint,Differential Speed Setpoint,,1.1
Discharge_Fan_Differential_Speed_Setpoint,Discharge Fan Differential Speed Setpoint,,1.1
Return_Fan_Differential_Speed_Setpoint,Return Fan Differential Speed Setpoint,,1.1
Supply_Fan_Differential_Speed_Setpoint,Supply Fan Differential Speed Setpoint,,1.1
Rated_Speed_Setpoint,Rated Speed Setpoint,,1.1
Temperature_Setpoint,Temperature Setpoint,,1.1
Air_Temperature_Setpoint,Air Temperature Setpoint,,1.1
Differential_Air_Temperature_Setpoint,Differential Air Temperature Setpoint,,1.1
Discharge_Air_Temperature_Setpoint,Discharge Air Temperature Setpoint,,1.1
Discharge_Air_Temperature_Cooling_Setpoint,Discharge Air Temperature Cooling Setpoint,,1.1
Discharge_Air_Temperature_Heating_Setpoint,Discharge Air Temperature Heating Setpoint,,1.1
Max_Discharge_Air_Temperature_Setpoint,Max Discharge Air Temperature Setpoint,,1.1
Min_Discharge_Air_Temperature_Setpoint,Min Discharge Air Temperature Setpoint,,1.1
Effective_Air_Temperature_Setpoint,Effective Air Temperature Setpoint,,1.1
Effective_Air_Temperature_Cooling_Setpoint,Effective Air Temperature Cooling Setpoint,,1.1
Effective_Air_Temperature_Heating_Setpoint,Effective Air Temperature Heating Setpoint,,1.1
Mixed_Air_Temperature_Setpoint,Mixed Air Temperature Setpoint,,1.1
Outside_Air_Temperature_Setpoint,Outside Air Temperature Setpoint,,1.1
Disable_Hot_Water_System_Outside_Air_Temperature_Setpoint,Disable Hot Water System Outside Air Temperature Setpoint,Disables hot water system when outside air temperature reaches the indicated value,1.1
Enable_Hot_Water_System_Outside_Air_Temperature_Setpoint,Enable Hot Water System Outside Air Temperature Setpoint,Enables hot water system when outside air temperature reaches the indicated value,1.1
Low_Outside_Air_Temperature_Enable_Setpoint,Low Outside Air Temperature Enable Setpoint,,1.1
Open_Heating_Valve_Outside_Air_Temperature_Setpoint,Open Heating Valve Outside Air Temperature Setpoint,,1.1
Outside_Air_Lockout_Temperature_Setpoint,Outside Air Lockout Temperature Setpoint,,1.1
Room_Air_Temperature_Setpoint,Room Air Temperature Setpoint,,1.1
Unoccupied_Air_Temperature_Setpoint,Unoccupied Air Temperature Setpoint,,1.1
Unoccupied_Air_Temperature_Cooling_Setpoint,Unoccupied Air Temperature Cooling Setpoint,,1.1
Unoccupied_Air_Temperature_Heating_Setpoint,Unoccupied Air Temperature Heating Setpoint,,1.1
Zone_Air_Temperature_Setpoint,Zone Air Temperature Setpoint,,1.1
Cooling_Temperature_Setpoint,Cooling Temperature Setpoint,,1.1
Heating_Temperature_Setpoint,Heating Temperature Setpoint,,1.1
Schedule_Temperature_Setpoint,Schedule Temperature Setpoint,The current setpoint as indicated by the schedule,1.1
Water_Temperature_Setpoint,Water Temperature Setpoint,,1.1
Discharge_Water_Temperature_Setpoint,Discharge Water Temperature Setpoint,,1.1
Domestic_Hot_Water_Temperature_Setpoint,Domestic Hot Water Temperature Setpoint,,1.1
Domestic_Hot_Water_Supply_Temperature_Setpoint,Domestic Hot Water Supply Temperature Setpoint,,1.1
Entering_Water_Temperature_Setpoint,Entering Water Temperature Setpoint,,1.1
Leaving_Water_Temperature_Setpoint,Leaving Water Temperature Setpoint,,1.1
Supply_Water_Temperature_Setpoint,Supply Water Temperature Setpoint,,1.1
Time_Setpoint,Time Setpoint,,1.1
Acceleration_Time_Setpoint,Acceleration Time Setpoint,,1.1
Deceleration_Time_Setpoint,Deceleration Time Setpoint,,1.1
Status,Status,,1.1
Direction_Status,Direction Status,,1.1
Motor_Direction_Status,Motor Direction Status,,1.1
Disable_Status,Disable Status,,1.1
Drive_Ready_Status,Drive Ready Status,,1.1
Emergency_Air_Flow_Status,Emergency Air Flow Status,,1.1
Emergency_Generator_Status,Emergency Generator Status,,1.1
Emergency_Power_Off_Status,Emergency Power Off Status,,1.1
Emergency_Power_Off_Activated_By_High_Temperature_Status,Emergency Power Off Activated By High Temperature Status,,1.1
Emergency_Power_Off_Activated_By_Leak_Detection_System_Status,Emergency Power Off Activated By Leak Detection System Status,,1.1
Emergency_Power_Off_Enable_Status,Emergency Power Off Enable Status,,1.1
Emergency_Power_Off_System_Enable_Status,Emergency Power Off System Enable Status,,1.1
Emergency_Push_Button_Status,Emergency Push Button Status,,1.1
Enable_Status,Enable Status,,1.1
Heat_Exchanger_System_Enable_Status,Heat Exchanger System Enable Status,,1.1
Run_Enable_Status,Run Enable Status,,1.1
Even_Month_Status,Even Month Status,,1.1
Fan_Status,Fan Status,,1.1
Fan_Start_Stop_Status,Fan Start Stop Status,,1.1
Fault_Status,Fault Status,,1.1
Fault_Indicator_Status,Fault Indicator Status,,1.1
Humidifier_Fault_Status,Humidifier Fault Status,,1.1
Last_Fault_Code_Status,Last Fault Code Status,,1.1
Filter_Status,Filter Status,,1.1
Pre_Filter_Status,Pre Filter Status,,1.1
Freeze_Status,Freeze Status,,1.1
Hand_Auto_Status,Hand Auto Status,,1.1
Hold_Status,Hold Status,,1.1
Lead_Lag_Status,Lead Lag Status,,1.1
Load_Shed_Status,Load Shed Status,,1.1
Differential_Pressure_Load_Shed_Status,Differential Pressure Load Shed Status,,1.1
Chilled_Water_Differential_Pressure_Load_Shed_Status,Chilled Water Differential Pressure Load Shed Status,,1.1
Chilled_Water_Differential_Pressure_Load_Shed_Reset_Status,Chilled Water Differential Pressure Load Shed Reset Status,,1.1
Hot_Water_Differential_Pressure_Load_Shed_Status,Hot Water Differential Pressure Load Shed Status,,1.1
Hot_Water_Differential_Pressure_Load_Shed_Reset_Status,Hot Water Differential Pressure Load Shed Reset Status,,1.1
Medium_Temperature_Hot_Water_Differential_Pressure_Load_Shed_Status,Medium Temperature Hot Water Differential Pressure Load Shed Status,,1.1
Medium_Temperature_Hot_Water_Differential_Pressure_Load_Shed_Reset_Status,Medium Temperature Hot Water Differential Pressure Load Shed Reset Status,,1.1
Hot_Water_Discharge_Temperature_Load_Shed_Status,Hot Water Discharge Temperature Load Shed Status,,1.1
Hot_Water_Supply_Temperature_Load_Shed_Status,Hot Water Supply Temperature Load Shed Status,,1.1
Medium_Temperature_Hot_Water_Supply_Temperature_Load_Shed_Status,Medium Temperature Hot Water Supply Temperature Load Shed Status,,1.1
Manual_Auto_Status,Manual Auto Status,,1.1
Mode_Status,Mode Status,,1.1
Occupied_Mode_Status,Occupied Mode Status,,1.1
Operating_Mode_Status,Operating Mode Status,,1.1
Vent_Operating_Mode_Status,Vent Operating Mode Status,,1.1
System_Mode_Status,System Mode Status,,1.1
Occupancy_Status,Occupancy Status,,1.1
Temporary_Occupancy_Status,Temporary Occupancy Status,,1.1
Off_Status,Off Status,,1.1
On_Off_Status,On Off Status,,1.1
Cooling_On_Off_Status,Cooling On Off Status,,1.1
Dehumidification_On_Off_Status,Dehumidification On Off Status,,1.1
EconCycle_On_Off_Status,EconCycle On Off Status,,1.1
Heating_On_Off_Status,Heating On Off Status,,1.1
Humidification_On_Off_Status,Humidification On Off Status,,1.1
Locally_On_Off_Status,Locally On Off Status,,1.1
Remotely_On_Off_Status,Remotely On Off Status,,1.1
Standby_Unit_On_Off_Status,Standby Unit On Off Status,,1.1
Standby_Glycool_Unit_On_Off_Status,Standby Glycool Unit On Off Status,,1.1
Overridden_Off_Status,Overridden Off Status,,1.1
Turn_Off_Status,Turn Off Status,,1.1
On_Status,On Status,,1.1
Overridden_On_Status,Overridden On Status,,1.1
Turn_On_Status,Turn On Status,,1.1
Overridden_Status,Overridden Status,,1.1
Pressure_Status,Pressure Status,,1.1
Discharge_Air_Duct_Pressure_Status,Discharge Air Duct Pressure Status,,1.1
Supply_Air_Duct_Pressure_Status,Supply Air Duct Pressure Status,,1.1
Speed_Status,Speed Status,,1.1
Stages_Status,Stages Status,,1.1
Start_Stop_Status,Start Stop Status,,1.1
Motor_Start_Stop_Status,Motor Start Stop Status,,1.1
Pump_Start_Stop_Status,Pump Start Stop Status,,1.1
Run_Status,Run Status,,1.1
Run_Request_Status,Run Request Status,,1.1
System_Shutdown_Status,System Shutdown Status,,1.1
System_Status,System Status,,1.1